,floor_no_id,floor_no
0,1,1
1,2,2
2,3,3
3,4,4
4,5,5
5,6,6
6,7,7
7,8,8
8,9,9
9,10,10
10,11,11
11,12,12
12,13,13
13,14,14
14,15,15
15,16,16
16,17,17
17,18,18
18,19,19
19,20,20
20,21,Высокий вход
21,22,Частный
22,23,Cадовый пол
23,24,Нулевой этаж
24,25,Как 1
25,26,Как 2
26,27,Как 3
27,28,Как 4
28,29,Пентхаус
29,30,Цокольный этаж
30,31,Жилой комплекс
31,32,20 и выше
32,33,Верхний этаж
33,34,Подвальный этаж
34,35,Терраса
35,36,	Антресоль
