,heating_type_id,sub_type
0,1,Комбинированный котел (природный газ)
1,2,Кондиционирование
2,3,Центральная система (счетчик тепла)
3,4,Центральная система
4,5,Отопление (природный газ)
5,6,Плита (уголь)
6,7,Теплый пол
7,8,Нет
8,9,Теплый пол
9,10,Комбинированный котел (электрический)
10,11,Плита (природный газ)
11,12,Солнечная энергия
12,13,Отопление (уголь)
13,14,Геотермальная энергия
14,15,Фанкойл
15,16,Отопление (мазут)
